-- phpMyAdmin SQL Dump
-- version 3.5.2.2
-- http://www.phpmyadmin.net
--
-- Servidor: 127.0.0.1
-- Tiempo de generación: 06-05-2013 a las 12:49:31
-- Versión del servidor: 5.5.27
-- Versión de PHP: 5.4.7

SET SQL_MODE="NO_AUTO_VALUE_ON_ZERO";
SET time_zone = "+00:00";


/*!40101 SET @OLD_CHARACTER_SET_CLIENT=@@CHARACTER_SET_CLIENT */;
/*!40101 SET @OLD_CHARACTER_SET_RESULTS=@@CHARACTER_SET_RESULTS */;
/*!40101 SET @OLD_COLLATION_CONNECTION=@@COLLATION_CONNECTION */;
/*!40101 SET NAMES utf8 */;

--
-- Base de datos: `db_esiima`
--
CREATE DATABASE `db_esiima` DEFAULT CHARACTER SET latin1 COLLATE latin1_swedish_ci;
USE `db_esiima`;

-- --------------------------------------------------------

--
-- Estructura de tabla para la tabla `alumno`
--

CREATE TABLE IF NOT EXISTS `alumno` (
  `id` int(11) NOT NULL,
  `Nombre` text COLLATE utf8_spanish_ci NOT NULL,
  `Password` text COLLATE utf8_spanish_ci NOT NULL,
  `situacion` text COLLATE utf8_spanish_ci NOT NULL,
  `generacion` text COLLATE utf8_spanish_ci NOT NULL,
  `id_grupo` int(11) NOT NULL,
  PRIMARY KEY (`id`),
  KEY `id_grupo` (`id_grupo`)
) ENGINE=InnoDB DEFAULT CHARSET=utf8 COLLATE=utf8_spanish_ci;

--
-- Volcado de datos para la tabla `alumno`
--

INSERT INTO `alumno` (`id`, `Nombre`, `Password`, `situacion`, `generacion`, `id_grupo`) VALUES
(119774, 'Armando Fabian Moreno Martines', '12345', 'Regular', '2010-2015', 9),
(119775, 'Omar Guadalupe Oropeza Muñoz', '12346', 'Regular', '2011-2016', 1),
(120539, 'Ruben Isaac Lopez Peña', '12347', 'Regular', '2010-2015', 9),
(120540, 'Víctor Paul Montalvo', '12348', 'Regular', '2010-2015', 1);

-- --------------------------------------------------------

--
-- Estructura de tabla para la tabla `alumno_has_calificacion`
--

CREATE TABLE IF NOT EXISTS `alumno_has_calificacion` (
  `id` int(11) NOT NULL AUTO_INCREMENT,
  `id_alumno` int(11) NOT NULL,
  `id_materia` int(11) NOT NULL,
  `id_parcial` int(11) NOT NULL,
  `calificacion` double NOT NULL,
  PRIMARY KEY (`id`),
  KEY `id_alumno` (`id_alumno`,`id_materia`),
  KEY `id_parcial` (`id_parcial`)
) ENGINE=InnoDB  DEFAULT CHARSET=latin1 AUTO_INCREMENT=212 ;

--
-- Volcado de datos para la tabla `alumno_has_calificacion`
--

INSERT INTO `alumno_has_calificacion` (`id`, `id_alumno`, `id_materia`, `id_parcial`, `calificacion`) VALUES
(66, 120539, 1, 1, 9),
(67, 120539, 1, 2, 9),
(68, 120539, 1, 3, 9),
(69, 120539, 2, 1, 9),
(70, 120539, 2, 2, 9),
(71, 120539, 2, 3, 9),
(72, 120539, 3, 1, 9),
(73, 120539, 3, 2, 9),
(74, 120539, 3, 3, 9),
(75, 120539, 4, 1, 9),
(76, 120539, 4, 2, 9),
(77, 120539, 4, 3, 9),
(78, 120539, 5, 1, 9),
(79, 120539, 5, 2, 9),
(80, 120539, 5, 3, 9),
(81, 120539, 6, 1, 9),
(82, 120539, 6, 2, 9),
(83, 120539, 6, 3, 9),
(84, 120539, 7, 1, 9),
(85, 120539, 7, 2, 9),
(86, 120539, 7, 3, 9),
(87, 120539, 8, 1, 9),
(88, 120539, 8, 2, 9),
(89, 120539, 8, 3, 9),
(90, 120539, 9, 1, 9),
(91, 120539, 9, 2, 9),
(92, 120539, 9, 3, 9),
(93, 120539, 10, 1, 9),
(94, 120539, 10, 2, 9),
(95, 120539, 10, 3, 9),
(96, 120539, 11, 1, 9),
(97, 120539, 11, 2, 9),
(98, 120539, 11, 3, 9),
(99, 120539, 12, 1, 9),
(100, 120539, 12, 2, 9),
(101, 120539, 13, 1, 9),
(102, 120539, 13, 2, 9),
(103, 120539, 14, 1, 9),
(104, 120539, 14, 2, 9),
(105, 120539, 15, 1, 9),
(106, 120539, 15, 2, 9),
(107, 120539, 16, 1, 9),
(108, 120539, 16, 2, 9),
(109, 120539, 17, 1, 9),
(110, 120539, 17, 2, 9),
(111, 119774, 1, 1, 9),
(112, 119774, 1, 2, 9),
(113, 119774, 1, 3, 9),
(114, 119774, 2, 1, 9),
(115, 119774, 2, 2, 9),
(116, 119774, 2, 3, 9),
(117, 119774, 3, 1, 9),
(118, 119774, 3, 2, 9),
(119, 119774, 3, 3, 9),
(120, 119774, 4, 1, 9),
(121, 119774, 4, 2, 9),
(122, 119774, 4, 3, 9),
(123, 119774, 5, 1, 9),
(124, 119774, 5, 2, 9),
(125, 119774, 5, 3, 9),
(126, 119774, 6, 1, 9),
(127, 119774, 6, 2, 9),
(128, 119774, 6, 3, 9),
(129, 119774, 7, 1, 9),
(130, 119774, 7, 2, 9),
(131, 119774, 7, 3, 9),
(132, 119774, 8, 1, 9),
(133, 119774, 8, 2, 9),
(134, 119774, 8, 3, 9),
(135, 119774, 9, 1, 9),
(136, 119774, 9, 2, 9),
(137, 119774, 9, 3, 9),
(138, 119774, 10, 1, 9),
(139, 119774, 10, 2, 9),
(140, 119774, 10, 3, 9),
(141, 119774, 11, 1, 9),
(142, 119774, 11, 2, 9),
(143, 119774, 11, 3, 9),
(144, 119774, 12, 1, 9),
(145, 119774, 12, 2, 9),
(146, 119774, 13, 1, 9),
(147, 119774, 13, 2, 9),
(148, 119774, 14, 1, 9),
(149, 119774, 14, 2, 9),
(150, 119774, 15, 1, 9),
(151, 119774, 15, 2, 9),
(152, 119774, 16, 1, 9),
(153, 119774, 16, 2, 9),
(154, 119774, 17, 1, 9),
(155, 119774, 17, 2, 9),
(156, 119775, 1, 1, 9),
(157, 119775, 1, 2, 9),
(158, 119775, 1, 3, 9),
(159, 119775, 2, 1, 9),
(160, 119775, 2, 2, 9),
(161, 119775, 2, 3, 9),
(162, 119775, 3, 1, 9),
(163, 119775, 3, 2, 9),
(164, 119775, 3, 3, 9),
(165, 119775, 4, 1, 9),
(166, 119775, 4, 2, 9),
(167, 119775, 4, 3, 9),
(168, 119775, 5, 1, 9),
(169, 119775, 5, 2, 9),
(170, 119775, 5, 3, 9),
(171, 119775, 6, 1, 9),
(172, 119775, 6, 2, 9),
(173, 119775, 6, 3, 9),
(174, 119775, 7, 1, 9),
(175, 119775, 7, 2, 9),
(176, 119775, 8, 1, 9),
(177, 119775, 8, 2, 9),
(178, 119775, 9, 1, 9),
(179, 119775, 9, 2, 9),
(180, 119775, 10, 1, 9),
(181, 119775, 10, 2, 9),
(182, 119775, 11, 1, 9),
(183, 119775, 11, 2, 9),
(184, 120540, 1, 1, 9),
(185, 120540, 1, 2, 9),
(186, 120540, 1, 3, 9),
(187, 120540, 2, 1, 9),
(188, 120540, 2, 2, 9),
(189, 120540, 2, 3, 9),
(190, 120540, 3, 1, 9),
(191, 120540, 3, 2, 9),
(192, 120540, 3, 3, 9),
(193, 120540, 4, 1, 9),
(194, 120540, 4, 2, 9),
(195, 120540, 4, 3, 9),
(196, 120540, 5, 1, 9),
(197, 120540, 5, 2, 9),
(198, 120540, 5, 3, 9),
(199, 120540, 6, 1, 9),
(200, 120540, 6, 2, 9),
(201, 120540, 6, 3, 9),
(202, 120540, 7, 1, 9),
(203, 120540, 7, 2, 9),
(204, 120540, 8, 1, 9),
(205, 120540, 8, 2, 9),
(206, 120540, 9, 1, 9),
(207, 120540, 9, 2, 9),
(208, 120540, 10, 1, 9),
(209, 120540, 10, 2, 9),
(210, 120540, 11, 1, 9),
(211, 120540, 11, 2, 9);

-- --------------------------------------------------------

--
-- Estructura de tabla para la tabla `alumno_has_faltas`
--

CREATE TABLE IF NOT EXISTS `alumno_has_faltas` (
  `id` int(11) NOT NULL AUTO_INCREMENT,
  `id_alumno` int(11) NOT NULL,
  `id_materia` int(11) NOT NULL,
  `id_parcial` int(11) NOT NULL,
  `Faltas` int(11) NOT NULL,
  PRIMARY KEY (`id`),
  KEY `id_alumno` (`id_alumno`,`id_materia`,`id_parcial`)
) ENGINE=InnoDB  DEFAULT CHARSET=latin1 AUTO_INCREMENT=192 ;

--
-- Volcado de datos para la tabla `alumno_has_faltas`
--

INSERT INTO `alumno_has_faltas` (`id`, `id_alumno`, `id_materia`, `id_parcial`, `Faltas`) VALUES
(1, 120540, 1, 1, 0),
(2, 120540, 1, 2, 0),
(3, 120540, 1, 3, 0),
(4, 120540, 2, 1, 0),
(5, 120540, 2, 2, 0),
(6, 120540, 2, 3, 0),
(7, 120540, 3, 1, 0),
(8, 120540, 3, 2, 0),
(9, 120540, 3, 3, 0),
(10, 120540, 4, 1, 0),
(11, 120540, 4, 2, 0),
(12, 120540, 4, 3, 0),
(13, 120540, 5, 1, 0),
(14, 120540, 5, 2, 0),
(15, 120540, 5, 3, 0),
(16, 120540, 6, 1, 0),
(17, 120540, 6, 2, 0),
(18, 120540, 6, 3, 0),
(19, 120540, 7, 1, 0),
(20, 120540, 7, 2, 0),
(21, 120540, 8, 1, 0),
(22, 120540, 8, 2, 0),
(23, 120540, 9, 1, 0),
(24, 120540, 9, 2, 0),
(25, 120540, 10, 1, 0),
(26, 120540, 10, 2, 0),
(27, 120540, 11, 1, 0),
(28, 120540, 11, 2, 0),
(29, 119775, 1, 1, 0),
(30, 119775, 1, 2, 0),
(31, 119775, 1, 3, 0),
(32, 119775, 2, 1, 0),
(33, 119775, 2, 2, 0),
(34, 119775, 2, 3, 0),
(35, 119775, 3, 1, 0),
(36, 119775, 3, 2, 0),
(37, 119775, 3, 3, 0),
(38, 119775, 4, 1, 0),
(39, 119775, 4, 2, 0),
(40, 119775, 4, 3, 0),
(41, 119775, 5, 1, 0),
(42, 119775, 5, 2, 0),
(43, 119775, 5, 3, 0),
(44, 119775, 6, 1, 1),
(45, 119775, 6, 2, 1),
(46, 119775, 6, 3, 1),
(47, 119775, 7, 1, 1),
(48, 119775, 7, 2, 1),
(49, 119775, 8, 1, 1),
(50, 119775, 8, 2, 1),
(51, 119775, 9, 1, 1),
(52, 119775, 9, 2, 1),
(53, 119775, 10, 1, 1),
(54, 119775, 10, 2, 1),
(55, 119775, 11, 1, 1),
(56, 119775, 11, 2, 1),
(102, 119774, 1, 1, 0),
(103, 119774, 1, 2, 0),
(104, 119774, 1, 3, 0),
(105, 119774, 2, 1, 0),
(106, 119774, 2, 2, 0),
(107, 119774, 2, 3, 0),
(108, 119774, 3, 1, 0),
(109, 119774, 3, 2, 0),
(110, 119774, 3, 3, 0),
(111, 119774, 4, 1, 0),
(112, 119774, 4, 2, 0),
(113, 119774, 4, 3, 0),
(114, 119774, 5, 1, 0),
(115, 119774, 5, 2, 0),
(116, 119774, 5, 3, 0),
(117, 119774, 6, 1, 1),
(118, 119774, 6, 2, 1),
(119, 119774, 6, 3, 1),
(120, 119774, 7, 1, 1),
(121, 119774, 7, 2, 1),
(122, 119774, 7, 3, 1),
(123, 119774, 8, 1, 1),
(124, 119774, 8, 2, 1),
(125, 119774, 8, 3, 1),
(126, 119774, 9, 1, 1),
(127, 119774, 9, 2, 1),
(128, 119774, 9, 3, 1),
(129, 119774, 10, 1, 1),
(130, 119774, 10, 2, 1),
(131, 119774, 10, 3, 1),
(132, 119774, 11, 1, 1),
(133, 119774, 11, 2, 1),
(134, 119774, 11, 3, 1),
(135, 119774, 12, 1, 0),
(136, 119774, 12, 2, 0),
(137, 119774, 13, 1, 0),
(138, 119774, 13, 2, 0),
(139, 119774, 14, 1, 0),
(140, 119774, 14, 2, 0),
(141, 119774, 15, 1, 0),
(142, 119774, 15, 2, 0),
(143, 119774, 16, 1, 1),
(144, 119774, 16, 2, 1),
(145, 119774, 17, 1, 1),
(146, 119774, 17, 2, 1),
(147, 120539, 1, 1, 0),
(148, 120539, 1, 2, 0),
(149, 120539, 1, 3, 0),
(150, 120539, 2, 1, 0),
(151, 120539, 2, 2, 0),
(152, 120539, 2, 3, 0),
(153, 120539, 3, 1, 0),
(154, 120539, 3, 2, 0),
(155, 120539, 3, 3, 0),
(156, 120539, 4, 1, 0),
(157, 120539, 4, 2, 0),
(158, 120539, 4, 3, 0),
(159, 120539, 5, 1, 0),
(160, 120539, 5, 2, 0),
(161, 120539, 5, 3, 0),
(162, 120539, 6, 1, 1),
(163, 120539, 6, 2, 1),
(164, 120539, 6, 3, 1),
(165, 120539, 7, 1, 1),
(166, 120539, 7, 2, 1),
(167, 120539, 7, 3, 1),
(168, 120539, 8, 1, 1),
(169, 120539, 8, 2, 1),
(170, 120539, 8, 3, 1),
(171, 120539, 9, 1, 1),
(172, 120539, 9, 2, 1),
(173, 120539, 9, 3, 1),
(174, 120539, 10, 1, 1),
(175, 120539, 10, 2, 1),
(176, 120539, 10, 3, 1),
(177, 120539, 11, 1, 1),
(178, 120539, 11, 2, 1),
(179, 120539, 11, 3, 1),
(180, 120539, 12, 1, 0),
(181, 120539, 12, 2, 0),
(182, 120539, 13, 1, 0),
(183, 120539, 13, 2, 0),
(184, 120539, 14, 1, 0),
(185, 120539, 14, 2, 0),
(186, 120539, 15, 1, 0),
(187, 120539, 15, 2, 0),
(188, 120539, 16, 1, 1),
(189, 120539, 16, 2, 1),
(190, 120539, 17, 1, 1),
(191, 120539, 17, 2, 1);

-- --------------------------------------------------------

--
-- Estructura de tabla para la tabla `grupo`
--

CREATE TABLE IF NOT EXISTS `grupo` (
  `id` int(11) NOT NULL AUTO_INCREMENT,
  `Nombre` text NOT NULL,
  `Carrera` text NOT NULL,
  `id_semestre` int(11) NOT NULL,
  PRIMARY KEY (`id`),
  KEY `id_semestre` (`id_semestre`)
) ENGINE=InnoDB  DEFAULT CHARSET=latin1 AUTO_INCREMENT=28 ;

--
-- Volcado de datos para la tabla `grupo`
--

INSERT INTO `grupo` (`id`, `Nombre`, `Carrera`, `id_semestre`) VALUES
(1, 'A', 'Ingeniera en Sistemas computacionales', 2),
(2, 'A', 'Ingeniera en Sistemas computacionales', 1),
(3, 'B', 'Ingeniera en Sistemas computacionales', 1),
(4, 'C', 'Ingeniera en Sistemas computacionales', 1),
(5, 'B', 'Ingeniera en Sistemas computacionales', 2),
(6, 'C', 'Ingeniera en Sistemas computacionales', 2),
(7, 'A', 'Ingeniera en Sistemas computacionales', 3),
(8, 'B', 'Ingeniera en Sistemas computacionales', 3),
(9, 'C', 'Ingeniera en Sistemas computacionales', 3),
(10, 'A', 'Ingeniera en Sistemas computacionales', 4),
(11, 'B', 'Ingeniera en Sistemas computacionales', 4),
(12, 'C', 'Ingeniera en Sistemas computacionales', 4),
(13, 'A', 'Ingeniera en Sistemas computacionales', 5),
(14, 'B', 'Ingeniera en Sistemas computacionales', 5),
(15, 'C', 'Ingeniera en Sistemas computacionales', 5),
(16, 'A', 'Ingeniera en Sistemas computacionales', 6),
(17, 'B', 'Ingeniera en Sistemas computacionales', 6),
(18, 'C', 'Ingeniera en Sistemas computacionales', 6),
(19, 'A', 'Ingeniera en Sistemas computacionales', 7),
(20, 'B', 'Ingeniera en Sistemas computacionales', 7),
(21, 'C', 'Ingeniera en Sistemas computacionales', 7),
(22, 'A', 'Ingeniera en Sistemas computacionales', 8),
(23, 'B', 'Ingeniera en Sistemas computacionales', 8),
(24, 'C', 'Ingeniera en Sistemas computacionales', 8),
(25, 'A', 'Ingeniera en Sistemas computacionales', 9),
(26, 'B', 'Ingeniera en Sistemas computacionales', 9),
(27, 'C', 'Ingeniera en Sistemas computacionales', 9);

-- --------------------------------------------------------

--
-- Estructura de tabla para la tabla `grupo_has_maestro`
--

CREATE TABLE IF NOT EXISTS `grupo_has_maestro` (
  `id` int(11) NOT NULL AUTO_INCREMENT,
  `id_grupo` int(11) NOT NULL,
  `id_maestro` int(11) NOT NULL,
  `id_materia` int(11) NOT NULL,
  PRIMARY KEY (`id`),
  KEY `id_grupo` (`id_grupo`,`id_maestro`,`id_materia`)
) ENGINE=InnoDB  DEFAULT CHARSET=latin1 AUTO_INCREMENT=3 ;

--
-- Volcado de datos para la tabla `grupo_has_maestro`
--

INSERT INTO `grupo_has_maestro` (`id`, `id_grupo`, `id_maestro`, `id_materia`) VALUES
(2, 1, 987654, 9),
(1, 9, 987654, 15);

-- --------------------------------------------------------

--
-- Estructura de tabla para la tabla `grupo_has_materia`
--

CREATE TABLE IF NOT EXISTS `grupo_has_materia` (
  `id` int(11) NOT NULL AUTO_INCREMENT,
  `id_grupo` int(11) NOT NULL,
  `id_materia` int(11) NOT NULL,
  `horario_ini` time NOT NULL,
  `horario_fin` time NOT NULL,
  PRIMARY KEY (`id`),
  KEY `id_grupo` (`id_grupo`,`id_materia`)
) ENGINE=InnoDB  DEFAULT CHARSET=latin1 AUTO_INCREMENT=160 ;

--
-- Volcado de datos para la tabla `grupo_has_materia`
--

INSERT INTO `grupo_has_materia` (`id`, `id_grupo`, `id_materia`, `horario_ini`, `horario_fin`) VALUES
(1, 2, 1, '07:00:00', '08:00:00'),
(2, 2, 2, '08:00:00', '09:00:00'),
(3, 2, 3, '09:00:00', '10:00:00'),
(4, 2, 4, '10:00:00', '11:00:00'),
(5, 2, 5, '11:00:00', '12:00:00'),
(6, 2, 6, '12:00:00', '13:00:00'),
(7, 3, 1, '07:00:00', '08:00:00'),
(8, 3, 2, '08:00:00', '09:00:00'),
(9, 3, 3, '09:00:00', '10:00:00'),
(10, 3, 4, '10:00:00', '11:00:00'),
(11, 3, 5, '11:00:00', '12:00:00'),
(12, 3, 6, '12:00:00', '13:00:00'),
(13, 4, 1, '07:00:00', '08:00:00'),
(14, 4, 2, '08:00:00', '09:00:00'),
(15, 4, 3, '09:00:00', '10:00:00'),
(16, 4, 4, '10:00:00', '11:00:00'),
(17, 4, 5, '11:00:00', '12:00:00'),
(18, 4, 6, '12:00:00', '13:00:00'),
(19, 1, 7, '07:00:00', '08:00:00'),
(20, 1, 8, '08:00:00', '09:00:00'),
(21, 1, 9, '09:00:00', '10:00:00'),
(22, 1, 10, '10:00:00', '11:00:00'),
(23, 1, 11, '11:00:00', '12:00:00'),
(24, 5, 7, '07:00:00', '08:00:00'),
(25, 5, 8, '08:00:00', '09:00:00'),
(26, 5, 9, '09:00:00', '10:00:00'),
(27, 5, 10, '10:00:00', '11:00:00'),
(28, 5, 11, '11:00:00', '12:00:00'),
(29, 6, 7, '07:00:00', '08:00:00'),
(30, 6, 8, '08:00:00', '09:00:00'),
(31, 6, 9, '09:00:00', '10:00:00'),
(32, 6, 10, '10:00:00', '11:00:00'),
(33, 6, 11, '11:00:00', '12:00:00'),
(34, 7, 12, '07:00:00', '08:00:00'),
(35, 7, 13, '08:00:00', '09:00:00'),
(36, 7, 14, '09:00:00', '10:00:00'),
(37, 7, 15, '10:00:00', '11:00:00'),
(38, 7, 16, '11:00:00', '12:00:00'),
(39, 7, 17, '12:00:00', '13:00:00'),
(40, 8, 12, '07:00:00', '08:00:00'),
(41, 8, 13, '08:00:00', '09:00:00'),
(42, 8, 14, '09:00:00', '10:00:00'),
(43, 8, 15, '10:00:00', '11:00:00'),
(44, 8, 16, '11:00:00', '12:00:00'),
(45, 8, 17, '12:00:00', '13:00:00'),
(46, 9, 12, '07:00:00', '08:00:00'),
(47, 9, 13, '08:00:00', '09:00:00'),
(48, 9, 14, '09:00:00', '10:00:00'),
(49, 9, 15, '10:00:00', '11:00:00'),
(50, 9, 16, '11:00:00', '12:00:00'),
(51, 9, 17, '12:00:00', '13:00:00'),
(52, 10, 18, '07:00:00', '08:00:00'),
(53, 10, 19, '08:00:00', '09:00:00'),
(54, 10, 20, '09:00:00', '10:00:00'),
(55, 10, 21, '10:00:00', '11:00:00'),
(56, 10, 22, '11:00:00', '12:00:00'),
(57, 10, 23, '12:00:00', '13:00:00'),
(58, 11, 18, '07:00:00', '08:00:00'),
(59, 11, 19, '08:00:00', '09:00:00'),
(60, 11, 20, '09:00:00', '10:00:00'),
(61, 11, 21, '10:00:00', '11:00:00'),
(62, 11, 22, '11:00:00', '12:00:00'),
(63, 11, 23, '12:00:00', '13:00:00'),
(64, 12, 18, '07:00:00', '08:00:00'),
(65, 12, 19, '08:00:00', '09:00:00'),
(66, 12, 20, '09:00:00', '10:00:00'),
(67, 12, 21, '10:00:00', '11:00:00'),
(68, 12, 22, '11:00:00', '12:00:00'),
(69, 12, 23, '12:00:00', '13:00:00'),
(70, 13, 24, '07:00:00', '08:00:00'),
(71, 13, 25, '08:00:00', '09:00:00'),
(72, 13, 26, '09:00:00', '10:00:00'),
(73, 13, 27, '10:00:00', '11:00:00'),
(74, 13, 28, '11:00:00', '12:00:00'),
(75, 13, 29, '12:00:00', '13:00:00'),
(76, 14, 24, '07:00:00', '08:00:00'),
(77, 14, 25, '08:00:00', '09:00:00'),
(78, 14, 26, '09:00:00', '10:00:00'),
(79, 14, 27, '10:00:00', '11:00:00'),
(80, 14, 28, '11:00:00', '12:00:00'),
(81, 14, 29, '12:00:00', '13:00:00'),
(82, 15, 24, '07:00:00', '08:00:00'),
(83, 15, 25, '08:00:00', '09:00:00'),
(84, 15, 26, '09:00:00', '10:00:00'),
(85, 15, 27, '10:00:00', '11:00:00'),
(86, 15, 28, '11:00:00', '12:00:00'),
(87, 15, 29, '12:00:00', '13:00:00'),
(88, 16, 30, '07:00:00', '08:00:00'),
(89, 16, 31, '08:00:00', '09:00:00'),
(90, 16, 32, '09:00:00', '10:00:00'),
(91, 16, 33, '10:00:00', '11:00:00'),
(92, 16, 34, '11:00:00', '12:00:00'),
(93, 16, 35, '12:00:00', '13:00:00'),
(94, 17, 30, '07:00:00', '08:00:00'),
(95, 17, 31, '08:00:00', '09:00:00'),
(96, 17, 32, '09:00:00', '10:00:00'),
(97, 17, 33, '10:00:00', '11:00:00'),
(98, 17, 34, '11:00:00', '12:00:00'),
(99, 17, 35, '12:00:00', '13:00:00'),
(100, 18, 30, '07:00:00', '08:00:00'),
(101, 18, 31, '08:00:00', '09:00:00'),
(102, 18, 32, '09:00:00', '10:00:00'),
(103, 18, 33, '10:00:00', '11:00:00'),
(104, 18, 34, '11:00:00', '12:00:00'),
(105, 18, 35, '12:00:00', '13:00:00'),
(106, 19, 36, '07:00:00', '08:00:00'),
(107, 19, 37, '08:00:00', '09:00:00'),
(108, 19, 38, '09:00:00', '10:00:00'),
(109, 19, 39, '10:00:00', '11:00:00'),
(110, 19, 40, '11:00:00', '12:00:00'),
(111, 19, 41, '12:00:00', '13:00:00'),
(112, 20, 36, '07:00:00', '08:00:00'),
(113, 20, 37, '08:00:00', '09:00:00'),
(114, 20, 38, '09:00:00', '10:00:00'),
(115, 20, 39, '10:00:00', '11:00:00'),
(116, 20, 40, '11:00:00', '12:00:00'),
(117, 20, 41, '12:00:00', '13:00:00'),
(118, 21, 36, '07:00:00', '08:00:00'),
(119, 21, 37, '08:00:00', '09:00:00'),
(120, 21, 38, '09:00:00', '10:00:00'),
(121, 21, 39, '10:00:00', '11:00:00'),
(122, 21, 40, '11:00:00', '12:00:00'),
(123, 21, 41, '12:00:00', '13:00:00'),
(124, 22, 42, '07:00:00', '08:00:00'),
(125, 22, 43, '08:00:00', '09:00:00'),
(126, 22, 44, '09:00:00', '10:00:00'),
(127, 22, 45, '10:00:00', '11:00:00'),
(128, 22, 46, '11:00:00', '12:00:00'),
(129, 22, 47, '12:00:00', '13:00:00'),
(130, 23, 42, '07:00:00', '08:00:00'),
(131, 23, 43, '08:00:00', '09:00:00'),
(132, 23, 44, '09:00:00', '10:00:00'),
(133, 23, 45, '10:00:00', '11:00:00'),
(134, 23, 46, '11:00:00', '12:00:00'),
(135, 23, 47, '12:00:00', '13:00:00'),
(136, 24, 42, '07:00:00', '08:00:00'),
(137, 24, 43, '08:00:00', '09:00:00'),
(138, 24, 44, '09:00:00', '10:00:00'),
(139, 24, 45, '10:00:00', '11:00:00'),
(140, 24, 46, '11:00:00', '12:00:00'),
(141, 24, 47, '12:00:00', '13:00:00'),
(142, 25, 48, '07:00:00', '08:00:00'),
(143, 25, 49, '08:00:00', '09:00:00'),
(144, 25, 50, '09:00:00', '10:00:00'),
(145, 25, 51, '10:00:00', '11:00:00'),
(146, 25, 52, '11:00:00', '12:00:00'),
(147, 25, 53, '12:00:00', '13:00:00'),
(148, 26, 48, '07:00:00', '08:00:00'),
(149, 26, 49, '08:00:00', '09:00:00'),
(150, 26, 50, '09:00:00', '10:00:00'),
(151, 26, 51, '10:00:00', '11:00:00'),
(152, 26, 52, '11:00:00', '12:00:00'),
(153, 26, 53, '12:00:00', '13:00:00'),
(154, 27, 48, '07:00:00', '08:00:00'),
(155, 27, 49, '08:00:00', '09:00:00'),
(156, 27, 50, '09:00:00', '10:00:00'),
(157, 27, 51, '10:00:00', '11:00:00'),
(158, 27, 52, '11:00:00', '12:00:00'),
(159, 27, 53, '12:00:00', '13:00:00');

-- --------------------------------------------------------

--
-- Estructura de tabla para la tabla `maestro`
--

CREATE TABLE IF NOT EXISTS `maestro` (
  `id` int(11) NOT NULL,
  `Nombre` text NOT NULL,
  PRIMARY KEY (`id`)
) ENGINE=InnoDB DEFAULT CHARSET=latin1;

--
-- Volcado de datos para la tabla `maestro`
--

INSERT INTO `maestro` (`id`, `Nombre`) VALUES
(987654, 'José Luis Hernández');

-- --------------------------------------------------------

--
-- Estructura de tabla para la tabla `materia`
--

CREATE TABLE IF NOT EXISTS `materia` (
  `id` int(11) NOT NULL AUTO_INCREMENT,
  `nombre` text NOT NULL,
  PRIMARY KEY (`id`)
) ENGINE=InnoDB  DEFAULT CHARSET=latin1 AUTO_INCREMENT=54 ;

--
-- Volcado de datos para la tabla `materia`
--

INSERT INTO `materia` (`id`, `nombre`) VALUES
(1, 'ALGEBRA'),
(2, 'L?GICA DE PROGRAMACI?N'),
(3, 'SISTEMAS DE CONTABILIDAD'),
(4, 'QU?MICA DE MATERIALES'),
(5, 'C?LCULO DIFERENCIAL'),
(6, 'INTRODUCCI?N A LA INGENIER?A'),
(7, 'PROGRAMACI?N I'),
(8, 'C?LCULO INTEGRAL'),
(9, 'ALGEBRA LINEAL'),
(10, 'CIRCUITOS L?GICOS'),
(11, ' ECONOM?A'),
(12, 'ESTRUCTURAS DE DATOS'),
(13, 'C?LCULO VECTORIAL'),
(14, 'F?SICA I'),
(15, 'ORGANIZACI?N COMPUTACIONAL'),
(16, 'PROGRAMACI?N II'),
(17, '?TICA PROFESIONAL'),
(18, 'PROGRAMACI?N III'),
(19, 'SISTEMAS OPERATIVOS'),
(20, 'REDES DE COMPUTADORAS I'),
(21, 'F?SICA II'),
(22, 'ESTAD?STICA I'),
(23, 'ECUACIONES DIFERENCIALES'),
(24, 'PROGRAMACI?N DE SISTEMAS'),
(25, 'UNIX'),
(26, 'AN?LISIS Y DISE?O DE SISTEMAS'),
(27, 'MATEM?TICAS DISCRETAS'),
(28, 'ESTAD?STICA II'),
(29, 'LENGUAJE ENSAMBLADOR'),
(30, 'CIRCUITOS EL?CTRICOS'),
(31, 'INVESTIGACI?N DE OPERACIONES'),
(32, 'REDES DE COMPUTADORAS II'),
(33, 'BASES DE DATOS'),
(34, 'COMPILADORES I'),
(35, 'M?TODOS NUM?RICOS'),
(36, 'COMPILADORES II'),
(37, 'REDES DE COMPUTADORAS III'),
(38, 'LENGUAJES DE BASE DE DATOS'),
(39, 'METODOLOG?AS DE DES. DE SISTEMAS'),
(40, 'SISTEMAS LINEALES'),
(41, 'ELECTR?NICA ANAL?GICA'),
(42, 'PROGRAMACI?N DE INTERFACES'),
(43, 'C?MPUTO DISTRIBUIDO'),
(44, 'BASES DE DATOS DISTRIBUIDAS'),
(45, 'FINANZAS'),
(46, 'OPTATIVA PROFESIONALIZANTE'),
(47, 'INTELIGENCIA ARTIFICIAL'),
(48, 'OPTATIVA PROFESIONALIZANTE'),
(49, 'INGENIER?A DE SOFTWARE'),
(50, 'SISTEMAS AVANZADOS'),
(51, 'LEGISLACI?N EN INFORM?TICA'),
(52, 'SEMINARIO DE SISTEMAS COMPUTACIONALES'),
(53, 'ADMINISTRACI?N DE OPERACIONES');

-- --------------------------------------------------------

--
-- Estructura de tabla para la tabla `parcial`
--

CREATE TABLE IF NOT EXISTS `parcial` (
  `id` int(11) NOT NULL AUTO_INCREMENT,
  `nombre` text NOT NULL,
  PRIMARY KEY (`id`)
) ENGINE=InnoDB  DEFAULT CHARSET=latin1 AUTO_INCREMENT=5 ;

--
-- Volcado de datos para la tabla `parcial`
--

INSERT INTO `parcial` (`id`, `nombre`) VALUES
(1, 'Primero'),
(2, 'Segundo'),
(3, 'Tercero'),
(4, 'Cuarto');

-- --------------------------------------------------------

--
-- Estructura de tabla para la tabla `semestre`
--

CREATE TABLE IF NOT EXISTS `semestre` (
  `id` int(11) NOT NULL AUTO_INCREMENT,
  `nombre` text NOT NULL,
  PRIMARY KEY (`id`)
) ENGINE=InnoDB  DEFAULT CHARSET=latin1 AUTO_INCREMENT=10 ;

--
-- Volcado de datos para la tabla `semestre`
--

INSERT INTO `semestre` (`id`, `nombre`) VALUES
(1, 'Primero'),
(2, 'Segundo'),
(3, 'Tercero'),
(4, 'Cuarto'),
(5, 'Quinto'),
(6, 'Sexto'),
(7, 'Septimo'),
(8, 'Ocatavo'),
(9, 'Noveno');

/*!40101 SET CHARACTER_SET_CLIENT=@OLD_CHARACTER_SET_CLIENT */;
/*!40101 SET CHARACTER_SET_RESULTS=@OLD_CHARACTER_SET_RESULTS */;
/*!40101 SET COLLATION_CONNECTION=@OLD_COLLATION_CONNECTION */;
